{"stats":{"minecraft:dropped":{"minecraft:wheat_seeds":2,"minecraft:ink_sac":2},"minecraft:mined":{"minecraft:white_bed":2,"minecraft:crafting_table":7,"minecraft:cornflower":1,"minecraft:torch":1,"minecraft:short_grass":26,"minecraft:grass_block":4,"minecraft:tall_grass":3,"minecraft:oak_planks":1,"minecraft:composter":5,"minecraft:sugar_cane":1,"minecraft:hay_block":20,"minecraft:furnace":2,"minecraft:iron_ore":8,"minecraft:fletching_table":7,"minecraft:oak_log":58,"minecraft:coal_ore":21,"minecraft:gravel":99,"minecraft:dirt":9,"minecraft:stone":26,"minecraft:oak_leaves":13},"minecraft:used":{"minecraft:stone_sword":36,"minecraft:pink_tulip":1,"minecraft:stone_shovel":98,"minecraft:stone_pickaxe":54,"minecraft:oak_planks":17,"minecraft:chest":6,"minecraft:wooden_pickaxe":3,"minecraft:fletching_table":9,"minecraft:stone_hoe":21,"minecraft:torch":5,"minecraft:dirt":12,"minecraft:mutton":4,"minecraft:crafting_table":8,"minecraft:white_bed":2,"minecraft:cornflower":1,"minecraft:bread":4,"minecraft:iron_axe":81,"minecraft:stone_axe":60,"minecraft:light_gray_wool":1,"minecraft:cobblestone":6,"minecraft:beef":2,"minecraft:furnace":2,"minecraft:porkchop":8,"minecraft:oak_boat":2,"minecraft:cooked_beef":4},"minecraft:custom":{"minecraft:interact_with_furnace":11,"minecraft:mob_kills":46,"minecraft:traded_with_villager":6,"minecraft:interact_with_crafting_table":17,"minecraft:leave_game":2,"minecraft:time_since_death":56008,"minecraft:sleep_in_bed":4,"minecraft:time_since_rest":8885,"minecraft:sprint_one_cm":200801,"minecraft:damage_taken":230,"minecraft:walk_one_cm":41378,"minecraft:drop":4,"minecraft:damage_dealt":5164,"minecraft:swim_one_cm":13870,"minecraft:talked_to_villager":24,"minecraft:fly_one_cm":337729,"minecraft:open_chest":5,"minecraft:crouch_one_cm":8235,"minecraft:play_time":56008,"minecraft:sneak_time":4598,"minecraft:walk_under_water_one_cm":5211,"minecraft:boat_one_cm":37182,"minecraft:jump":1612,"minecraft:walk_on_water_one_cm":10631,"minecraft:total_world_time":56008,"minecraft:fall_one_cm":48266},"minecraft:crafted":{"minecraft:cooked_beef":17,"minecraft:oak_planks":232,"minecraft:stone_shovel":1,"minecraft:emerald":6,"minecraft:crafting_table":4,"minecraft:wooden_pickaxe":1,"minecraft:furnace":1,"minecraft:fletching_table":3,"minecraft:stone_axe":1,"minecraft:bread":57,"minecraft:air":0,"minecraft:oak_boat":1,"minecraft:iron_axe":2,"minecraft:stick":244,"minecraft:iron_ingot":6,"minecraft:stone_pickaxe":1,"minecraft:stone_sword":1,"minecraft:chest":6,"minecraft:white_bed":3,"minecraft:torch":36,"minecraft:stone_hoe":1,"minecraft:wheat":171},"minecraft:killed":{"minecraft:pig":14,"minecraft:salmon":2,"minecraft:iron_golem":1,"minecraft:squid":1,"minecraft:sheep":16,"minecraft:cow":11},"minecraft:picked_up":{"minecraft:crafting_table":7,"minecraft:salmon":2,"minecraft:leather":12,"minecraft:flint":6,"minecraft:oak_log":58,"minecraft:cornflower":1,"minecraft:dirt":13,"minecraft:wheat_seeds":3,"minecraft:iron_ingot":4,"minecraft:beef":19,"minecraft:oak_boat":2,"minecraft:fletching_table":7,"minecraft:light_gray_wool":1,"minecraft:sugar_cane":3,"minecraft:oak_planks":1,"minecraft:furnace":2,"minecraft:raw_iron":7,"minecraft:composter":4,"minecraft:torch":2,"minecraft:gravel":92,"minecraft:porkchop":30,"minecraft:ink_sac":2,"minecraft:white_bed":2,"minecraft:rotten_flesh":2,"minecraft:hay_block":19,"minecraft:pink_tulip":1,"minecraft:mutton":23,"minecraft:coal":30,"minecraft:cobblestone":26,"minecraft:white_wool":14}},"DataVersion":3700}