{"stats":{"minecraft:broken":{"minecraft:iron_shovel":1},"minecraft:dropped":{"minecraft:bread":27,"minecraft:wheat_seeds":2,"minecraft:stripped_oak_log":1,"minecraft:stick":22,"minecraft:ink_sac":2,"minecraft:iron_axe":1},"minecraft:killed":{"minecraft:pig":16,"minecraft:salmon":2,"minecraft:iron_golem":2,"minecraft:squid":1,"minecraft:sheep":16,"minecraft:chicken":2,"minecraft:cow":14},"minecraft:crafted":{"minecraft:cooked_beef":17,"minecraft:oak_planks":684,"minecraft:stone_shovel":1,"minecraft:emerald":6,"minecraft:cooked_porkchop":25,"minecraft:crafting_table":4,"minecraft:wooden_pickaxe":1,"minecraft:iron_sword":1,"minecraft:furnace":1,"minecraft:fletching_table":3,"minecraft:stone_axe":1,"minecraft:bread":57,"minecraft:air":0,"minecraft:oak_boat":1,"minecraft:iron_axe":2,"minecraft:stick":244,"minecraft:iron_ingot":6,"minecraft:iron_pickaxe":1,"minecraft:stone_pickaxe":1,"minecraft:stone_sword":1,"minecraft:chest":6,"minecraft:iron_shovel":2,"minecraft:white_bed":3,"minecraft:torch":36,"minecraft:stone_hoe":1,"minecraft:wheat":171},"minecraft:picked_up":{"minecraft:stripped_oak_log":1,"minecraft:crafting_table":7,"minecraft:azure_bluet":1,"minecraft:chicken":1,"minecraft:salmon":2,"minecraft:leather":16,"minecraft:flint":6,"minecraft:oak_log":201,"minecraft:cornflower":2,"minecraft:dirt":368,"minecraft:apple":3,"minecraft:wheat_seeds":15,"minecraft:iron_ingot":8,"minecraft:beef":25,"minecraft:oak_boat":2,"minecraft:light_gray_wool":1,"minecraft:fletching_table":7,"minecraft:sugar_cane":3,"minecraft:oak_planks":41,"minecraft:egg":2,"minecraft:furnace":2,"minecraft:stick":11,"minecraft:raw_iron":9,"minecraft:composter":5,"minecraft:torch":2,"minecraft:dandelion":2,"minecraft:gravel":92,"minecraft:porkchop":33,"minecraft:ink_sac":2,"minecraft:white_bed":5,"minecraft:rotten_flesh":2,"minecraft:hay_block":33,"minecraft:pink_tulip":1,"minecraft:oak_sapling":18,"minecraft:mutton":23,"minecraft:coal":30,"minecraft:white_wool":14,"minecraft:cobblestone":26,"minecraft:oxeye_daisy":1},"minecraft:used":{"minecraft:stone_sword":40,"minecraft:pink_tulip":1,"minecraft:iron_shovel":389,"minecraft:stone_pickaxe":56,"minecraft:stone_shovel":98,"minecraft:oak_planks":509,"minecraft:chest":6,"minecraft:wooden_pickaxe":3,"minecraft:iron_sword":2,"minecraft:fletching_table":10,"minecraft:stone_hoe":38,"minecraft:torch":6,"minecraft:dirt":195,"minecraft:mutton":4,"minecraft:crafting_table":8,"minecraft:white_bed":6,"minecraft:oak_log":26,"minecraft:cornflower":1,"minecraft:iron_axe":269,"minecraft:bread":8,"minecraft:stone_axe":60,"minecraft:light_gray_wool":1,"minecraft:cobblestone":6,"minecraft:beef":2,"minecraft:cooked_porkchop":4,"minecraft:oak_sapling":18,"minecraft:furnace":3,"minecraft:porkchop":8,"minecraft:oak_boat":2,"minecraft:egg":2,"minecraft:cooked_beef":6},"minecraft:custom":{"minecraft:interact_with_furnace":16,"minecraft:mob_kills":54,"minecraft:traded_with_villager":6,"minecraft:interact_with_crafting_table":20,"minecraft:leave_game":3,"minecraft:time_since_death":106788,"minecraft:sleep_in_bed":9,"minecraft:time_since_rest":9016,"minecraft:sprint_one_cm":425076,"minecraft:damage_taken":404,"minecraft:walk_one_cm":118005,"minecraft:drop":8,"minecraft:damage_dealt":6834,"minecraft:swim_one_cm":13870,"minecraft:talked_to_villager":24,"minecraft:fly_one_cm":570038,"minecraft:open_chest":15,"minecraft:crouch_one_cm":20728,"minecraft:play_time":106788,"minecraft:sneak_time":10804,"minecraft:walk_under_water_one_cm":5211,"minecraft:boat_one_cm":37182,"minecraft:jump":2651,"minecraft:walk_on_water_one_cm":10631,"minecraft:total_world_time":106788,"minecraft:fall_one_cm":80398},"minecraft:mined":{"minecraft:oak_sapling":3,"minecraft:white_bed":5,"minecraft:dandelion":3,"minecraft:crafting_table":7,"minecraft:cornflower":2,"minecraft:torch":1,"minecraft:short_grass":65,"minecraft:grass_block":325,"minecraft:tall_grass":10,"minecraft:composter":6,"minecraft:sugar_cane":1,"minecraft:oak_planks":41,"minecraft:oxeye_daisy":1,"minecraft:hay_block":36,"minecraft:furnace":2,"minecraft:iron_ore":10,"minecraft:fletching_table":7,"minecraft:azure_bluet":1,"minecraft:oak_log":177,"minecraft:coal_ore":21,"minecraft:dirt_path":5,"minecraft:gravel":99,"minecraft:dirt":40,"minecraft:stripped_oak_log":1,"minecraft:stone":26,"minecraft:oak_leaves":26}},"DataVersion":3700}