{"stats":{"minecraft:broken":{"minecraft:stone_axe":1,"minecraft:iron_pickaxe":1},"minecraft:dropped":{"minecraft:oak_log":25,"minecraft:cherry_sapling":5},"minecraft:mined":{"minecraft:acacia_leaves":6,"minecraft:deepslate_diamond_ore":5,"minecraft:cherry_log":22,"minecraft:dandelion":1,"minecraft:crafting_table":1,"minecraft:granite":10,"minecraft:short_grass":29,"minecraft:acacia_log":15,"minecraft:grass_block":105,"minecraft:copper_ore":8,"minecraft:tall_grass":7,"minecraft:cobblestone":2,"minecraft:deepslate_gold_ore":6,"minecraft:sugar_cane":3,"minecraft:diorite":51,"minecraft:pink_petals":2,"minecraft:birch_log":17,"minecraft:iron_ore":51,"minecraft:birch_leaves":3,"minecraft:fletching_table":6,"minecraft:oak_log":44,"minecraft:coal_ore":36,"minecraft:deepslate_iron_ore":51,"minecraft:dirt_path":7,"minecraft:cherry_leaves":1,"minecraft:dirt":133,"minecraft:stone":277,"minecraft:oak_leaves":56,"minecraft:deepslate":22},"minecraft:used":{"minecraft:iron_shovel":202,"minecraft:stone_pickaxe":95,"minecraft:wooden_pickaxe":3,"minecraft:fletching_table":6,"minecraft:sugar_cane":6,"minecraft:dirt":242,"minecraft:crafting_table":1,"minecraft:oak_log":20,"minecraft:bread":26,"minecraft:iron_axe":143,"minecraft:iron_pickaxe":439,"minecraft:stone_axe":39,"minecraft:cobblestone":25,"minecraft:oak_sapling":2,"minecraft:porkchop":5,"minecraft:egg":3,"minecraft:cooked_beef":2},"minecraft:custom":{"minecraft:interact_with_furnace":12,"minecraft:mob_kills":11,"minecraft:traded_with_villager":10,"minecraft:interact_with_crafting_table":5,"minecraft:leave_game":4,"minecraft:time_since_death":26710,"minecraft:sleep_in_bed":6,"minecraft:time_since_rest":19212,"minecraft:sprint_one_cm":285622,"minecraft:damage_taken":1959,"minecraft:walk_one_cm":156382,"minecraft:drop":2,"minecraft:damage_dealt":1970,"minecraft:swim_one_cm":33799,"minecraft:talked_to_villager":28,"minecraft:fly_one_cm":453089,"minecraft:open_chest":35,"minecraft:crouch_one_cm":11459,"minecraft:play_time":90452,"minecraft:sneak_time":5699,"minecraft:deaths":3,"minecraft:walk_under_water_one_cm":23573,"minecraft:interact_with_brewingstand":1,"minecraft:jump":2188,"minecraft:walk_on_water_one_cm":18305,"minecraft:total_world_time":90452,"minecraft:fall_one_cm":80236,"minecraft:horse_one_cm":1768},"minecraft:crafted":{"minecraft:cooked_beef":6,"minecraft:cherry_planks":44,"minecraft:oak_planks":4,"minecraft:emerald":10,"minecraft:crafting_table":1,"minecraft:birch_planks":68,"minecraft:air":0,"minecraft:stick":336,"minecraft:iron_ingot":35,"minecraft:iron_pickaxe":2,"minecraft:stone_pickaxe":1,"minecraft:iron_shovel":2,"minecraft:acacia_planks":60},"minecraft:killed":{"minecraft:pig":3,"minecraft:sheep":1,"minecraft:skeleton":1,"minecraft:zombie":3,"minecraft:chicken":1,"minecraft:cow":2},"minecraft:picked_up":{"minecraft:birch_log":17,"minecraft:stripped_oak_log":1,"minecraft:pink_petals":18,"minecraft:crafting_table":3,"minecraft:wheat":1,"minecraft:chicken":3,"minecraft:glow_ink_sac":10,"minecraft:leather":3,"minecraft:wooden_pickaxe":2,"minecraft:tuff":2,"minecraft:oak_log":114,"minecraft:cornflower":1,"minecraft:dirt":246,"minecraft:raw_copper":25,"minecraft:iron_axe":4,"minecraft:bone":1,"minecraft:apple":10,"minecraft:wheat_seeds":8,"minecraft:cobbled_deepslate":23,"minecraft:raw_gold":6,"minecraft:stone_pickaxe":2,"minecraft:iron_ingot":1,"minecraft:beef":8,"minecraft:fletching_table":6,"minecraft:iron_pickaxe":1,"minecraft:sugar_cane":6,"minecraft:acacia_sapling":16,"minecraft:egg":4,"minecraft:stick":71,"minecraft:raw_iron":102,"minecraft:acacia_log":23,"minecraft:dandelion":6,"minecraft:porkchop":6,"minecraft:cherry_log":77,"minecraft:diorite":51,"minecraft:arrow":1,"minecraft:rotten_flesh":7,"minecraft:diamond":5,"minecraft:hay_block":4,"minecraft:granite":10,"minecraft:cherry_sapling":15,"minecraft:emerald":8,"minecraft:bread":70,"minecraft:oak_sapling":21,"minecraft:mutton":4,"minecraft:coal":36,"minecraft:white_wool":2,"minecraft:cobblestone":338},"minecraft:killed_by":{"minecraft:zombie":2}},"DataVersion":3700}